ADEP2L31200X107,ADEP2L3X600X107,"25,5",1200 x 107,Nero,Dark core,Legno,"Elemento Ponte Split Nero 202-Wood 1200X107X25,5"
ADEP2L61200X107,ADEP2L6X600X107,"25,5",1200 x 107,Titanio,Fullcolor,Legno,"Elemento Ponte Split Titanio 1397-Wood 1200X107X25,5"
ADEP2LD1200X107,ADEP2LDX600X107,"25,5",1200 x 107,Sabbia,Dark core,Legno,"Elemento Ponte Split Sabbia 1040-Wood 1200X107X25,5"
ADEP2LL1200X107,ADEP2LLX600X107,"25,5",1200 x 107,Caffelatte,Dark core,Legno,"Elemento Ponte Split Caffelatte 1591-Wood 1200X107X25,5"
ADEP2LQ1200X107,ADEP2LQX600X107,"25,5",1200 x 107,Bianco Perla,Fullcolor,Legno,"Elemento Ponte Split Bianco Perla 1041-Wood 1200X107X25,5"
ADEP2S31200X107,ADEP2S3X600X107,"25,5",1200 x 107,Nero,Dark core,Spazzolata (inox),"Elemento Ponte Split Nero 202-Alufinish 1200X107X25,5"
ADEP2S61200X107,ADEP2S6X600X107,"25,5",1200 x 107,Titanio,Fullcolor,Spazzolata (inox),"Elemento Ponte Split Titanio 1397-Alufinish 1200X107X25,5"
ADEP2SD1200X107,ADEP2SDX600X107,"25,5",1200 x 107,Sabbia,Dark core,Spazzolata (inox),"Elemento Ponte Split Sabbia 1040-Alufinish 1200X107X25,5"
ADEP2SL1200X107,ADEP2SLX600X107,"25,5",1200 x 107,Caffelatte,Dark core,Spazzolata (inox),"Elemento Ponte Split Caffelatte 1591-Alufinish 1200X107X25,5"
ADEP2SQ1200X107,ADEP2SQX600X107,"25,5",1200 x 107,Bianco Perla,Fullcolor,Spazzolata (inox),"Elemento Ponte Split Bianco Perla 1041-Alufinish 1200X107X25,5"
ADEP2N61200X107,ADEP2N6X600X107,"25,5",1200 x 107,Titanio,Fullcolor,Neutro,"Elemento Ponte Split Titanio 1397-Velvet 1200X107X25,5"
ADEP2ND1200X107,ADEP2NDX600X107,"25,5",1200 x 107,Sabbia,Dark core,Neutro,"Elemento Ponte Split Sabbia 1040-Velvet 1200X107X25,5"
ADEP2NL1200X107,ADEP2NLX600X107,"25,5",1200 x 107,Caffelatte,Dark core,Neutro,"Elemento Ponte Split Caffelatte 1591-Velvet 1200X107X25,5"
ADEP2NQ1200X107,ADEP2NQX600X107,"25,5",1200 x 107,Bianco Perla,Fullcolor,Neutro,"Elemento Ponte Split Bianco Perla 1041-Velvet 1200X107X25,5"
ADEP3L31200X107,ADEP3L3X600X107,48,1200 x 107,Nero,Dark core,Legno,Elemento Ponte Split Nero 202-Wood 1200X107X48
ADEP3L61200X107,ADEP3L6X600X107,48,1200 x 107,Titanio,Fullcolor,Legno,Elemento Ponte Split Titanio 1397-Wood 1200X107X48
ADEP3LD1200X107,ADEP3LDX600X107,48,1200 x 107,Sabbia,Dark core,Legno,Elemento Ponte Split Sabbia 1040-Wood 1200X107X48
ADEP3LL1200X107,ADEP3LLX600X107,48,1200 x 107,Caffelatte,Dark core,Legno,Elemento Ponte Split Caffelatte 1591-Wood 1200X107X48
ADEP3LQ1200X107,ADEP3LQX600X107,48,1200 x 107,Bianco Perla,Fullcolor,Legno,Elemento Ponte Split Bianco Perla 1041-Wood 1200X107X48
ADEP3S31200X107,ADEP3S3X600X107,48,1200 x 107,Nero,Dark core,Spazzolata (inox),Elemento Ponte Split Nero 202-Alufinish 1200X107X48
ADEP3S61200X107,ADEP3S6X600X107,48,1200 x 107,Titanio,Fullcolor,Spazzolata (inox),Elemento Ponte Split Titanio 1397-Alufinish 1200X107X48
ADEP3SD1200X107,ADEP3SDX600X107,48,1200 x 107,Sabbia,Dark core,Spazzolata (inox),Elemento Ponte Split Sabbia 1040-Alufinish 1200X107X48
ADEP3SL1200X107,ADEP3SLX600X107,48,1200 x 107,Caffelatte,Dark core,Spazzolata (inox),Elemento Ponte Split Caffelatte 1591-Alufinish 1200X107X48
ADEP3SQ1200X107,ADEP3SQX600X107,48,1200 x 107,Bianco Perla,Fullcolor,Spazzolata (inox),Elemento Ponte Split Bianco Perla 1041-Alufinish 1200X107X48
ADEP3N61200X107,ADEP3N6X600X107,48,1200 x 107,Titanio,Fullcolor,Neutro,Elemento Ponte Split Titanio 1397-Velvet 1200X107X48
ADEP3ND1200X107,ADEP3NDX600X107,48,1200 x 107,Sabbia,Dark core,Neutro,Elemento Ponte Split Sabbia 1040-Velvet 1200X107X48
ADEP3NL1200X107,ADEP3NLX600X107,48,1200 x 107,Caffelatte,Dark core,Neutro,Elemento Ponte Split Caffelatte 1591-Velvet 1200X107X48
ADEP3NQ1200X107,ADEP3NQX600X107,48,1200 x 107,Bianco Perla,Fullcolor,Neutro,Elemento Ponte Split Bianco Perla 1041-Velvet 1200X107X48
