"ADCO1L3X200X100","44,5","200 x 100","Nero","Dark core","Legno","Contenitore Split Nero 202-Wood 200X100X44,5"
"ADCO1NQX200X100","44,5","200 x 100","Bianco Perla","Fullcolor","Neutro","Contenitore Split Bianco Perla 1041-Velvet 200X100X44,5"
"ADCO1L3X267X100","44,5","267 x 100","Nero","Dark core","Legno","Contenitore Split Nero 202-Wood 267X100X44,5"
"ADCO1L6X267X100","44,5","267 x 100","Titanio","Fullcolor","Legno","Contenitore Split Titanio 1397-Wood 267X100X44,5"
"ADCO1L3X317X100","44,5","317 x 100","Nero","Dark core","Legno","Contenitore Split Nero 202-Wood 317X100X44,5"
"ADCO1LDX317X100","44,5","317 x 100","Sabbia","Dark core","Legno","Contenitore Split Sabbia 1040-Wood 317X100X44,5"
"ADCO1LLX317X100","44,5","317 x 100","Caffelatte","Dark core","Legno","Contenitore Split Caffelatte 1591-Wood 317X100X44,5"
"ADCO1NQX317X200","44,5","317 x 200","Bianco Perla","Fullcolor","Neutro","Contenitore Split Bianco Perla 1041-Velvet 317X200X44,5"
"ADCO1L3X367X100","44,5","367 x 100","Nero","Dark core","Legno","Contenitore Split Nero 202-Wood 367X100X44,5"
"ADCO1LDX367X100","44,5","367 x 100","Sabbia","Dark core","Legno","Contenitore Split Sabbia 1040-Wood 367X100X44,5"
"ADCO1L3X367X150","44,5","367 x 150","Nero","Dark core","Legno","Contenitore Split Nero 202-Wood 367X150X44,5"
"ADCO1SDX367X150","44,5","367 x 150","Sabbia","Dark core","Spazzolata (inox)","Contenitore Split Sabbia 1040-Alufinish 367X150X44,5"
"ADCO1L3X417X150","44,5","417 x 150","Nero","Dark core","Legno","Contenitore Split Nero 202-Wood 417X150X44,5"
"ADCO1SDX417X150","44,5","417 x 150","Sabbia","Dark core","Spazzolata (inox)","Contenitore Split Sabbia 1040-Alufinish 417X150X44,5"
"ADCO2L3X267X150","70,5","267 x 150","Nero","Dark core","Legno","Contenitore Split Nero 202-Wood 267X150X70,5"
"ADCO2LDX267X150","70,5","267 x 150","Sabbia","Dark core","Legno","Contenitore Split Sabbia 1040-Wood 267X150X70,5"
"ADCO2NLX267X150","70,5","267 x 150","Caffelatte","Dark core","Neutro","Contenitore Split Caffelatte 1591-Velvet 267X150X70,5"
"ADCO2NQX267X150","70,5","267 x 150","Bianco Perla","Fullcolor","Neutro","Contenitore Split Bianco Perla 1041-Velvet 267X150X70,5"
"ADCO2L3X300X100","70,5","300 x 100","Nero","Dark core","Legno","Contenitore Split Nero 202-Wood 300X100X70,5"
"ADCO2L6X300X100","70,5","300 x 100","Titanio","Fullcolor","Legno","Contenitore Split Titanio 1397-Wood 300X100X70,5"
"ADCO2SQX300X100","70,5","300 x 100","Bianco Perla","Fullcolor","Spazzolata (inox)","Contenitore Split Bianco Perla 1041-Alufinish 300X100X70,5"
"ADCO2N6X300X100","70,5","300 x 100","Titanio","Fullcolor","Neutro","Contenitore Split Titanio 1397-Velvet 300X100X70,5"
"ADCO2NDX300X100","70,5","300 x 100","Sabbia","Dark core","Neutro","Contenitore Split Sabbia 1040-Velvet 300X100X70,5"
"ADCO2SLX300X150","70,5","300 x 150","Caffelatte","Dark core","Spazzolata (inox)","Contenitore Split Caffelatte 1591-Alufinish 300X150X70,5"
"ADCO2SQX300X150","70,5","300 x 150","Bianco Perla","Fullcolor","Spazzolata (inox)","Contenitore Split Bianco Perla 1041-Alufinish 300X150X70,5"
"ADCO2N6X300X150","70,5","300 x 150","Titanio","Fullcolor","Neutro","Contenitore Split Titanio 1397-Velvet 300X150X70,5"
"ADCO2SDX317X150","70,5","317 x 150","Sabbia","Dark core","Spazzolata (inox)","Contenitore Split Sabbia 1040-Alufinish 317X150X70,5"
"ADCO2NDX367X150","70,5","367 x 150","Sabbia","Dark core","Neutro","Contenitore Split Sabbia 1040-Velvet 367X150X70,5"
"ADCO2NLX367X150","70,5","367 x 150","Caffelatte","Dark core","Neutro","Contenitore Split Caffelatte 1591-Velvet 367X150X70,5"
"ADCO2NQX367X150","70,5","367 x 150","Bianco Perla","Fullcolor","Neutro","Contenitore Split Bianco Perla 1041-Velvet 367X150X70,5"
"ADCO3L3X267X150","88,5","267 x 150","Nero","Dark core","Legno","Contenitore Split Nero 202-Wood 267X150X88,5"
"ADCO3SDX267X150","88,5","267 x 150","Sabbia","Dark core","Spazzolata (inox)","Contenitore Split Sabbia 1040-Alufinish 267X150X88,5"
"ADCO3SLX267X150","88,5","267 x 150","Caffelatte","Dark core","Spazzolata (inox)","Contenitore Split Caffelatte 1591-Alufinish 267X150X88,5"
"ADCO3L6X300X100","88,5","300 x 100","Titanio","Fullcolor","Legno","Contenitore Split Titanio 1397-Wood 300X100X88,5"
"ADCO3LDX300X100","88,5","300 x 100","Sabbia","Dark core","Legno","Contenitore Split Sabbia 1040-Wood 300X100X88,5"
"ADCO3LLX300X100","88,5","300 x 100","Caffelatte","Dark core","Legno","Contenitore Split Caffelatte 1591-Wood 300X100X88,5"
"ADCO3LQX300X100","88,5","300 x 100","Bianco Perla","Fullcolor","Legno","Contenitore Split Bianco Perla 1041-Wood 300X100X88,5"
"ADCO3SDX300X150","88,5","300 x 150","Sabbia","Dark core","Spazzolata (inox)","Contenitore Split Sabbia 1040-Alufinish 300X150X88,5"
"ADCO3SLX300X150","88,5","300 x 150","Caffelatte","Dark core","Spazzolata (inox)","Contenitore Split Caffelatte 1591-Alufinish 300X150X88,5"
"ADCO3SQX300X150","88,5","300 x 150","Bianco Perla","Fullcolor","Spazzolata (inox)","Contenitore Split Bianco Perla 1041-Alufinish 300X150X88,5"
"ADCO3N6X300X150","88,5","300 x 150","Titanio","Fullcolor","Neutro","Contenitore Split Titanio 1397-Velvet 300X150X88,5"
"ADCO3NDX317X150","88,5","317 x 150","Sabbia","Dark core","Neutro","Contenitore Split Sabbia 1040-Velvet 317X150X88,5"
"ADCO3NLX317X150","88,5","317 x 150","Caffelatte","Dark core","Neutro","Contenitore Split Caffelatte 1591-Velvet 317X150X88,5"
"ADCO3NLX367X150","88,5","367 x 150","Caffelatte","Dark core","Neutro","Contenitore Split Caffelatte 1591-Velvet 367X150X88,5"
"ADCO3NQX367X150","88,5","367 x 150","Bianco Perla","Fullcolor","Neutro","Contenitore Split Bianco Perla 1041-Velvet 367X150X88,5"
