"ADCO1LQX200X100","44,5","200 x 100","Bianco Perla","Fullcolor","Legno","Contenitore Split Bianco Perla 1041-Wood 200X100X44,5"
"ADCO1LQX267X100","44,5","267 x 100","Bianco Perla","Fullcolor","Legno","Contenitore Split Bianco Perla 1041-Wood 267X100X44,5"
"ADCO1LQX267X200","44,5","267 x 200","Bianco Perla","Fullcolor","Legno","Contenitore Split Bianco Perla 1041-Wood 267X200X44,5"
"ADCO1LQX317X100","44,5","317 x 100","Bianco Perla","Fullcolor","Legno","Contenitore Split Bianco Perla 1041-Wood 317X100X44,5"
"ADCO1LQX317X200","44,5","317 x 200","Bianco Perla","Fullcolor","Legno","Contenitore Split Bianco Perla 1041-Wood 317X200X44,5"
"ADCO1LQX367X100","44,5","367 x 100","Bianco Perla","Fullcolor","Legno","Contenitore Split Bianco Perla 1041-Wood 367X100X44,5"
"ADCO1LQX367X150","44,5","367 x 150","Bianco Perla","Fullcolor","Legno","Contenitore Split Bianco Perla 1041-Wood 367X150X44,5"
"ADCO1LQX417X150","44,5","417 x 150","Bianco Perla","Fullcolor","Legno","Contenitore Split Bianco Perla 1041-Wood 417X150X44,5"
"ADCO2LQX267X150","70,5","267 x 150","Bianco Perla","Fullcolor","Legno","Contenitore Split Bianco Perla 1041-Wood 267X150X70,5"
"ADCO2LQX300X100","70,5","300 x 100","Bianco Perla","Fullcolor","Legno","Contenitore Split Bianco Perla 1041-Wood 300X100X70,5"
"ADCO2LQX300X150","70,5","300 x 150","Bianco Perla","Fullcolor","Legno","Contenitore Split Bianco Perla 1041-Wood 300X150X70,5"
"ADCO2LQX317X150","70,5","317 x 150","Bianco Perla","Fullcolor","Legno","Contenitore Split Bianco Perla 1041-Wood 317X150X70,5"
"ADCO2LQX367X150","70,5","367 x 150","Bianco Perla","Fullcolor","Legno","Contenitore Split Bianco Perla 1041-Wood 367X150X70,5"
"ADCO3LQX267X150","88,5","267 x 150","Bianco Perla","Fullcolor","Legno","Contenitore Split Bianco Perla 1041-Wood 267X150X88,5"
"ADCO3LQX300X100","88,5","300 x 100","Bianco Perla","Fullcolor","Legno","Contenitore Split Bianco Perla 1041-Wood 300X100X88,5"
"ADCO3LQX300X150","88,5","300 x 150","Bianco Perla","Fullcolor","Legno","Contenitore Split Bianco Perla 1041-Wood 300X150X88,5"
"ADCO3LQX317X150","88,5","317 x 150","Bianco Perla","Fullcolor","Legno","Contenitore Split Bianco Perla 1041-Wood 317X150X88,5"
"ADCO3LQX367X150","88,5","367 x 150","Bianco Perla","Fullcolor","Legno","Contenitore Split Bianco Perla 1041-Wood 367X150X88,5"
"ADCO1L3X200X100","44,5","200 x 100","Nero","Fullcolor","Legno","Contenitore Split Nero 202-Wood 200X100X44,5"
"ADCO1L3X267X100","44,5","267 x 100","Nero","Fullcolor","Legno","Contenitore Split Nero 202-Wood 267X100X44,5"
"ADCO1L3X267X200","44,5","267 x 200","Nero","Fullcolor","Legno","Contenitore Split Nero 202-Wood 267X200X44,5"
"ADCO1L3X317X100","44,5","317 x 100","Nero","Fullcolor","Legno","Contenitore Split Nero 202-Wood 317X100X44,5"
"ADCO1L3X317X200","44,5","317 x 200","Nero","Fullcolor","Legno","Contenitore Split Nero 202-Wood 317X200X44,5"
"ADCO1L3X367X100","44,5","367 x 100","Nero","Fullcolor","Legno","Contenitore Split Nero 202-Wood 367X100X44,5"
"ADCO1L3X367X150","44,5","367 x 150","Nero","Fullcolor","Legno","Contenitore Split Nero 202-Wood 367X150X44,5"
"ADCO1L3X417X150","44,5","417 x 150","Nero","Fullcolor","Legno","Contenitore Split Nero 202-Wood 417X150X44,5"
"ADCO2L3X267X150","70,5","267 x 150","Nero","Fullcolor","Legno","Contenitore Split Nero 202-Wood 267X150X70,5"
"ADCO2L3X300X100","70,5","300 x 100","Nero","Fullcolor","Legno","Contenitore Split Nero 202-Wood 300X100X70,5"
"ADCO2L3X300X150","70,5","300 x 150","Nero","Fullcolor","Legno","Contenitore Split Nero 202-Wood 300X150X70,5"
"ADCO2L3X317X150","70,5","317 x 150","Nero","Fullcolor","Legno","Contenitore Split Nero 202-Wood 317X150X70,5"
"ADCO2L3X367X150","70,5","367 x 150","Nero","Fullcolor","Legno","Contenitore Split Nero 202-Wood 367X150X70,5"
"ADCO3L3X267X150","88,5","267 x 150","Nero","Fullcolor","Legno","Contenitore Split Nero 202-Wood 267X150X88,5"
"ADCO3L3X300X100","88,5","300 x 100","Nero","Fullcolor","Legno","Contenitore Split Nero 202-Wood 300X100X88,5"
"ADCO3L3X300X150","88,5","300 x 150","Nero","Fullcolor","Legno","Contenitore Split Nero 202-Wood 300X150X88,5"
"ADCO3L3X317X150","88,5","317 x 150","Nero","Fullcolor","Legno","Contenitore Split Nero 202-Wood 317X150X88,5"
"ADCO3L3X367X150","88,5","367 x 150","Nero","Fullcolor","Legno","Contenitore Split Nero 202-Wood 367X150X88,5"
"ADCO1L6X200X100","44,5","200 x 100","Titanio","Fullcolor","Legno","Contenitore Split Titanio 1397-Wood 200X100X44,5"
"ADCO1L6X267X100","44,5","267 x 100","Titanio","Fullcolor","Legno","Contenitore Split Titanio 1397-Wood 267X100X44,5"
"ADCO1L6X267X200","44,5","267 x 200","Titanio","Fullcolor","Legno","Contenitore Split Titanio 1397-Wood 267X200X44,5"
"ADCO1L6X317X100","44,5","317 x 100","Titanio","Fullcolor","Legno","Contenitore Split Titanio 1397-Wood 317X100X44,5"
"ADCO1L6X317X200","44,5","317 x 200","Titanio","Fullcolor","Legno","Contenitore Split Titanio 1397-Wood 317X200X44,5"
"ADCO1L6X367X100","44,5","367 x 100","Titanio","Fullcolor","Legno","Contenitore Split Titanio 1397-Wood 367X100X44,5"
"ADCO1L6X367X150","44,5","367 x 150","Titanio","Fullcolor","Legno","Contenitore Split Titanio 1397-Wood 367X150X44,5"
"ADCO1L6X417X150","44,5","417 x 150","Titanio","Fullcolor","Legno","Contenitore Split Titanio 1397-Wood 417X150X44,5"
"ADCO2L6X267X150","70,5","267 x 150","Titanio","Fullcolor","Legno","Contenitore Split Titanio 1397-Wood 267X150X70,5"
"ADCO2L6X300X100","70,5","300 x 100","Titanio","Fullcolor","Legno","Contenitore Split Titanio 1397-Wood 300X100X70,5"
"ADCO2L6X300X150","70,5","300 x 150","Titanio","Fullcolor","Legno","Contenitore Split Titanio 1397-Wood 300X150X70,5"
"ADCO2L6X317X150","70,5","317 x 150","Titanio","Fullcolor","Legno","Contenitore Split Titanio 1397-Wood 317X150X70,5"
"ADCO2L6X367X150","70,5","367 x 150","Titanio","Fullcolor","Legno","Contenitore Split Titanio 1397-Wood 367X150X70,5"
"ADCO3L6X267X150","88,5","267 x 150","Titanio","Fullcolor","Legno","Contenitore Split Titanio 1397-Wood 267X150X88,5"
"ADCO3L6X300X100","88,5","300 x 100","Titanio","Fullcolor","Legno","Contenitore Split Titanio 1397-Wood 300X100X88,5"
"ADCO3L6X300X150","88,5","300 x 150","Titanio","Fullcolor","Legno","Contenitore Split Titanio 1397-Wood 300X150X88,5"
"ADCO3L6X317X150","88,5","317 x 150","Titanio","Fullcolor","Legno","Contenitore Split Titanio 1397-Wood 317X150X88,5"
"ADCO3L6X367X150","88,5","367 x 150","Titanio","Fullcolor","Legno","Contenitore Split Titanio 1397-Wood 367X150X88,5"
"ADCO1SQX200X100","44,5","200 x 100","Bianco Perla","Fullcolor","Spazzolata (inox)","Contenitore Split Bianco Perla 1041-Alufinish 200X100X44,5"
"ADCO1SQX267X100","44,5","267 x 100","Bianco Perla","Fullcolor","Spazzolata (inox)","Contenitore Split Bianco Perla 1041-Alufinish 267X100X44,5"
"ADCO1SQX267X200","44,5","267 x 200","Bianco Perla","Fullcolor","Spazzolata (inox)","Contenitore Split Bianco Perla 1041-Alufinish 267X200X44,5"
"ADCO1SQX317X100","44,5","317 x 100","Bianco Perla","Fullcolor","Spazzolata (inox)","Contenitore Split Bianco Perla 1041-Alufinish 317X100X44,5"
"ADCO1SQX317X200","44,5","317 x 200","Bianco Perla","Fullcolor","Spazzolata (inox)","Contenitore Split Bianco Perla 1041-Alufinish 317X200X44,5"
"ADCO1SQX367X100","44,5","367 x 100","Bianco Perla","Fullcolor","Spazzolata (inox)","Contenitore Split Bianco Perla 1041-Alufinish 367X100X44,5"
"ADCO1SQX367X150","44,5","367 x 150","Bianco Perla","Fullcolor","Spazzolata (inox)","Contenitore Split Bianco Perla 1041-Alufinish 367X150X44,5"
"ADCO1SQX417X150","44,5","417 x 150","Bianco Perla","Fullcolor","Spazzolata (inox)","Contenitore Split Bianco Perla 1041-Alufinish 417X150X44,5"
"ADCO2SQX267X150","70,5","267 x 150","Bianco Perla","Fullcolor","Spazzolata (inox)","Contenitore Split Bianco Perla 1041-Alufinish 267X150X70,5"
"ADCO2SQX300X100","70,5","300 x 100","Bianco Perla","Fullcolor","Spazzolata (inox)","Contenitore Split Bianco Perla 1041-Alufinish 300X100X70,5"
"ADCO2SQX300X150","70,5","300 x 150","Bianco Perla","Fullcolor","Spazzolata (inox)","Contenitore Split Bianco Perla 1041-Alufinish 300X150X70,5"
"ADCO2SQX317X150","70,5","317 x 150","Bianco Perla","Fullcolor","Spazzolata (inox)","Contenitore Split Bianco Perla 1041-Alufinish 317X150X70,5"
"ADCO2SQX367X150","70,5","367 x 150","Bianco Perla","Fullcolor","Spazzolata (inox)","Contenitore Split Bianco Perla 1041-Alufinish 367X150X70,5"
"ADCO3SQX267X150","88,5","267 x 150","Bianco Perla","Fullcolor","Spazzolata (inox)","Contenitore Split Bianco Perla 1041-Alufinish 267X150X88,5"
"ADCO3SQX300X100","88,5","300 x 100","Bianco Perla","Fullcolor","Spazzolata (inox)","Contenitore Split Bianco Perla 1041-Alufinish 300X100X88,5"
"ADCO3SQX300X150","88,5","300 x 150","Bianco Perla","Fullcolor","Spazzolata (inox)","Contenitore Split Bianco Perla 1041-Alufinish 300X150X88,5"
"ADCO3SQX317X150","88,5","317 x 150","Bianco Perla","Fullcolor","Spazzolata (inox)","Contenitore Split Bianco Perla 1041-Alufinish 317X150X88,5"
"ADCO3SQX367X150","88,5","367 x 150","Bianco Perla","Fullcolor","Spazzolata (inox)","Contenitore Split Bianco Perla 1041-Alufinish 367X150X88,5"
"ADCO1S3X200X100","44,5","200 x 100","Nero","Fullcolor","Spazzolata (inox)","Contenitore Split Nero 202-Alufinish 200X100X44,5"
"ADCO1S3X267X100","44,5","267 x 100","Nero","Fullcolor","Spazzolata (inox)","Contenitore Split Nero 202-Alufinish 267X100X44,5"
"ADCO1S3X267X200","44,5","267 x 200","Nero","Fullcolor","Spazzolata (inox)","Contenitore Split Nero 202-Alufinish 267X200X44,5"
"ADCO1S3X317X100","44,5","317 x 100","Nero","Fullcolor","Spazzolata (inox)","Contenitore Split Nero 202-Alufinish 317X100X44,5"
"ADCO1S3X317X200","44,5","317 x 200","Nero","Fullcolor","Spazzolata (inox)","Contenitore Split Nero 202-Alufinish 317X200X44,5"
"ADCO1S3X367X100","44,5","367 x 100","Nero","Fullcolor","Spazzolata (inox)","Contenitore Split Nero 202-Alufinish 367X100X44,5"
"ADCO1S3X367X150","44,5","367 x 150","Nero","Fullcolor","Spazzolata (inox)","Contenitore Split Nero 202-Alufinish 367X150X44,5"
"ADCO1S3X417X150","44,5","417 x 150","Nero","Fullcolor","Spazzolata (inox)","Contenitore Split Nero 202-Alufinish 417X150X44,5"
"ADCO2S3X267X150","70,5","267 x 150","Nero","Fullcolor","Spazzolata (inox)","Contenitore Split Nero 202-Alufinish 267X150X70,5"
"ADCO2S3X300X100","70,5","300 x 100","Nero","Fullcolor","Spazzolata (inox)","Contenitore Split Nero 202-Alufinish 300X100X70,5"
"ADCO2S3X300X150","70,5","300 x 150","Nero","Fullcolor","Spazzolata (inox)","Contenitore Split Nero 202-Alufinish 300X150X70,5"
"ADCO2S3X317X150","70,5","317 x 150","Nero","Fullcolor","Spazzolata (inox)","Contenitore Split Nero 202-Alufinish 317X150X70,5"
"ADCO2S3X367X150","70,5","367 x 150","Nero","Fullcolor","Spazzolata (inox)","Contenitore Split Nero 202-Alufinish 367X150X70,5"
"ADCO3S3X267X150","88,5","267 x 150","Nero","Fullcolor","Spazzolata (inox)","Contenitore Split Nero 202-Alufinish 267X150X88,5"
"ADCO3S3X300X100","88,5","300 x 100","Nero","Fullcolor","Spazzolata (inox)","Contenitore Split Nero 202-Alufinish 300X100X88,5"
"ADCO3S3X300X150","88,5","300 x 150","Nero","Fullcolor","Spazzolata (inox)","Contenitore Split Nero 202-Alufinish 300X150X88,5"
"ADCO3S3X317X150","88,5","317 x 150","Nero","Fullcolor","Spazzolata (inox)","Contenitore Split Nero 202-Alufinish 317X150X88,5"
"ADCO3S3X367X150","88,5","367 x 150","Nero","Fullcolor","Spazzolata (inox)","Contenitore Split Nero 202-Alufinish 367X150X88,5"
"ADCO1S6X200X100","44,5","200 x 100","Titanio","Fullcolor","Spazzolata (inox)","Contenitore Split Titanio 1397-Alufinish 200X100X44,5"
"ADCO1S6X267X100","44,5","267 x 100","Titanio","Fullcolor","Spazzolata (inox)","Contenitore Split Titanio 1397-Alufinish 267X100X44,5"
"ADCO1S6X267X200","44,5","267 x 200","Titanio","Fullcolor","Spazzolata (inox)","Contenitore Split Titanio 1397-Alufinish 267X200X44,5"
"ADCO1S6X317X100","44,5","317 x 100","Titanio","Fullcolor","Spazzolata (inox)","Contenitore Split Titanio 1397-Alufinish 317X100X44,5"
"ADCO1S6X317X200","44,5","317 x 200","Titanio","Fullcolor","Spazzolata (inox)","Contenitore Split Titanio 1397-Alufinish 317X200X44,5"
"ADCO1S6X367X100","44,5","367 x 100","Titanio","Fullcolor","Spazzolata (inox)","Contenitore Split Titanio 1397-Alufinish 367X100X44,5"
"ADCO1S6X367X150","44,5","367 x 150","Titanio","Fullcolor","Spazzolata (inox)","Contenitore Split Titanio 1397-Alufinish 367X150X44,5"
"ADCO1S6X417X150","44,5","417 x 150","Titanio","Fullcolor","Spazzolata (inox)","Contenitore Split Titanio 1397-Alufinish 417X150X44,5"
"ADCO2S6X267X150","70,5","267 x 150","Titanio","Fullcolor","Spazzolata (inox)","Contenitore Split Titanio 1397-Alufinish 267X150X70,5"
"ADCO2S6X300X100","70,5","300 x 100","Titanio","Fullcolor","Spazzolata (inox)","Contenitore Split Titanio 1397-Alufinish 300X100X70,5"
"ADCO2S6X300X150","70,5","300 x 150","Titanio","Fullcolor","Spazzolata (inox)","Contenitore Split Titanio 1397-Alufinish 300X150X70,5"
"ADCO2S6X317X150","70,5","317 x 150","Titanio","Fullcolor","Spazzolata (inox)","Contenitore Split Titanio 1397-Alufinish 317X150X70,5"
"ADCO2S6X367X150","70,5","367 x 150","Titanio","Fullcolor","Spazzolata (inox)","Contenitore Split Titanio 1397-Alufinish 367X150X70,5"
"ADCO3S6X267X150","88,5","267 x 150","Titanio","Fullcolor","Spazzolata (inox)","Contenitore Split Titanio 1397-Alufinish 267X150X88,5"
"ADCO3S6X300X100","88,5","300 x 100","Titanio","Fullcolor","Spazzolata (inox)","Contenitore Split Titanio 1397-Alufinish 300X100X88,5"
"ADCO3S6X300X150","88,5","300 x 150","Titanio","Fullcolor","Spazzolata (inox)","Contenitore Split Titanio 1397-Alufinish 300X150X88,5"
"ADCO3S6X317X150","88,5","317 x 150","Titanio","Fullcolor","Spazzolata (inox)","Contenitore Split Titanio 1397-Alufinish 317X150X88,5"
"ADCO3S6X367X150","88,5","367 x 150","Titanio","Fullcolor","Spazzolata (inox)","Contenitore Split Titanio 1397-Alufinish 367X150X88,5"
